<?xml version='1.0' encoding='UTF-8'?>  
<!DOCTYPE hibernate-configuration SYSTEM
"hibernate-configuration-3.0.dtd">
          
<hibernate-configuration>  
  
    <session-factory> 
     	<property name="hibernate.connection.driver_class">com.mysql.jdbc.Driver</property>   
     	<property name="hibernate.connection.url">jdbc:mysql://localhost:3306/student</property>
     	<property name="hibernate.dialect">org.hibernate.dialect.MySQLDialect</property> 
     	<property name="hibernate.connection.username">root</property>  
        <property name="hibernate.connection.password">5183426</property>
        <property name="show_sql">true</property>
        <property name="format_sql">true</property>
        <property name="hbm2ddl.auto">update</property>
        <mapping resource="products.hbm.xml"/>  
    </session-factory>  
</hibernate-configuration>  