<?xml version="1.0" encoding="UTF-8"?>
<!DOCTYPE hibernate-mapping SYSTEM  
 "hibernate-mapping-3.0.dtd">  
  
 <hibernate-mapping>  
  <class name="products" table="products">  
    <id name="id" column="id">  
     <generator class="increment"></generator>  
    </id>  
            
    <property name="productname"></property>   
    <property name="productprice"></property>   
    <property name="productbrand"></property>   
    
            
  </class>  
            
 </hibernate-mapping>  